epoch,train_loss,train_acc,test_loss,test_acc
1,0.6934475882401977,0.5021632653061224,0.6940380508559091,0.5014285714285714
2,0.6934392187676293,0.49881632653061225,0.6931969911711556,0.49785714285714283
3,0.6934290490169127,0.49714285714285716,0.6931470901625497,0.5003571428571428
4,0.6934077405120311,0.5021632653061224,0.6928647354670934,0.5121428571428571
5,0.6934427043165301,0.4962448979591837,0.6930227875709534,0.5083928571428571
6,0.6932736671002042,0.5022857142857143,0.6931320193835667,0.5058928571428571
7,0.6935799124191075,0.4949795918367347,0.693151433467865,0.4976785714285714
8,0.6932318852557837,0.505265306122449,0.6931483285767691,0.4994642857142857
9,0.693166665946846,0.5040408163265306,0.6933372844968523,0.50625
